,Skew
PoolArea,15.759528557646144
3SsnPorch,8.92164984830819
LowQualFinSF,8.74103023759466
MiscVal,5.594963076770866
LandSlope,4.530263548837436
BsmtHalfBath,3.7866852369199564
KitchenAbvGr,3.697303018280503
ScreenPorch,2.977052208294078
BsmtFinSF2,2.5632352179563798
EnclosedPorch,2.0243213497137567
MasVnrArea,0.6373877808483951
HalfBath,0.5925483497188335
BsmtFullBath,0.4417871967753032
2ndFlrSF,0.3288785669420964
HeatingQC,0.28644388469647236
Fireplaces,0.28531037398754955
WoodDeckSF,0.22418144298023795
1stFlrSF,0.1791174854027286
LotArea,0.17773497405678754
TotRmsAbvGrd,0.13548911118920454
GrLivArea,0.13005100697062735
OpenPorchSF,0.09938131556889751
FullBath,-0.1800933169747604
TotalSF,-0.2080032490629849
YrSold,-0.40063505701247965
YearRemodAdd,-0.45619933869069135
BsmtFinSF1,-0.4888657931983354
OverallQual,-0.48892806057161337
BsmtFinType1,-0.49030958820993026
YearBuilt,-0.6216213682463584
LotShape,-0.6462664688986395
BedroomAbvGr,-0.7534681201561866
LotFrontage,-0.7989053467372295
FireplaceQu,-0.8061416000125591
GarageFinish,-0.8556454284755682
OverallCond,-0.9294268187088567
GarageCars,-1.1063669754767977
BsmtQual,-1.2670914462006408
MSSubClass,-1.2918320521102529
BsmtExposure,-1.4080798785817543
MoSold,-1.4856183383404462
BsmtUnfSF,-1.537286367545675
KitchenQual,-2.206062444169036
Fence,-2.5373975826337216
Alley,-2.6269566176688897
ExterQual,-2.853935653193671
ExterCond,-3.0134841365680485
GarageArea,-3.044798829083928
PavedDrive,-3.0641075276280403
BsmtCond,-3.228260181967905
GarageQual,-3.440571909004284
CentralAir,-3.4575548299738585
BsmtFinType2,-3.7700646954380703
GarageYrBlt,-3.9237484276184547
TotalBsmtSF,-3.9854657296602443
GarageCond,-4.174418100691318
Functional,-5.124718186372485
Street,-15.494756020740784
PoolQC,-22.823846825725578
